X (mm),Y (mm),Z (mm),EM0_Mag,EM0_Az,EM1_Mag,EM1_Az,EM2_Mag,EM2_Az,EM3_Mag,EM3_Az,EM4_Mag,EM4_Az,EM5_Mag,EM5_Az,EM6_Mag,EM6_Az,EM7_Mag,EM7_Az,EM8_Mag,EM8_Az,EM9_Mag,EM9_Az,EM10_Mag,EM10_Az,EM11_Mag,EM11_Az
0.00,0.00,40.00,0.051591,104.53,0.051591,345.47,0.059816,225.00,0.001581,9.62,0.000815,288.48,0.000825,186.34,0.000815,161.52,0.001581,80.38,0.000825,263.66,0.000546,71.94,0.000546,18.06,0.000352,225.00
21.43,0.00,40.00,0.056845,161.85,0.078098,9.31,0.092348,254.05,0.001925,10.47,0.000997,289.96,0.001013,186.88,0.000813,174.67,0.001609,87.24,0.000837,268.18,0.000587,76.30,0.000616,22.26,0.000389,227.37
42.86,0.00,40.00,0.056868,208.08,0.074087,178.28,0.087391,293.20,0.002382,11.48,0.001242,291.69,0.001265,187.52,0.000813,187.99,0.001606,94.14,0.000836,272.73,0.000628,81.14,0.000696,26.72,0.000429,229.93
64.29,0.00,40.00,0.048913,267.24,0.046021,197.54,0.053061,318.81,0.003002,12.70,0.001579,293.73,0.001614,188.30,0.000815,201.05,0.001571,100.99,0.000822,277.24,0.000669,86.52,0.000785,31.44,0.000472,232.70
85.71,0.00,40.00,0.033647,306.48,0.025105,210.08,0.028101,331.70,0.003866,14.23,0.002057,296.16,0.002111,189.25,0.000817,213.46,0.001509,107.74,0.000796,281.66,0.000708,92.52,0.000882,36.45,0.000519,235.69
107.14,0.00,40.00,0.021773,323.56,0.014176,219.64,0.015454,338.75,0.005106,16.17,0.002760,299.11,0.002850,190.44,0.000816,224.95,0.001423,114.32,0.000760,285.95,0.000742,99.24,0.000988,41.74,0.000568,238.90
128.57,0.00,40.00,0.014328,332.35,0.008604,227.01,0.009189,343.07,0.006948,18.75,0.003840,302.73,0.003997,191.98,0.000809,235.41,0.001322,120.70,0.000717,290.06,0.000772,106.76,0.001099,47.31,0.000619,242.35
150.00,0.00,40.00,0.009787,337.67,0.005589,232.74,0.005881,345.96,0.009787,22.33,0.005589,307.25,0.005881,194.04,0.000794,244.82,0.001212,126.83,0.000669,293.96,0.000794,115.18,0.001212,53.17,0.000669,246.04
171.43,0.00,40.00,0.006948,341.25,0.003840,237.27,0.003997,348.02,0.014328,27.65,0.008604,312.99,0.009189,196.93,0.000772,253.24,0.001099,132.69,0.000619,297.65,0.000809,124.59,0.001322,59.30,0.000717,249.94
192.86,0.00,40.00,0.005106,343.83,0.002760,240.89,0.002850,349.56,0.021773,36.44,0.014176,320.36,0.015454,201.25,0.000742,260.76,0.000988,138.26,0.000568,301.10,0.000816,135.05,0.001423,65.68,0.000760,254.06
214.29,0.00,40.00,0.003866,345.77,0.002057,243.84,0.002111,350.75,0.033647,53.52,0.025105,329.92,0.028101,208.30,0.000708,267.48,0.000882,143.55,0.000519,304.32,0.000817,146.54,0.001509,72.26,0.000796,258.34
235.71,0.00,40.00,0.003002,347.30,0.001579,246.27,0.001614,351.70,0.048913,92.76,0.046020,342.46,0.053061,221.19,0.000669,273.48,0.000785,148.56,0.000472,307.30,0.000815,158.95,0.001571,79.01,0.000822,262.76
257.14,0.00,40.00,0.002382,348.52,0.001242,248.31,0.001265,352.48,0.056868,151.92,0.074087,1.72,0.087391,246.80,0.000628,278.86,0.000696,153.28,0.000429,310.07,0.000813,172.01,0.001606,85.86,0.000836,267.27
278.57,0.00,40.00,0.001925,349.53,0.000997,250.04,0.001013,353.12,0.056845,198.15,0.078098,170.68,0.092348,285.95,0.000587,283.70,0.000616,157.74,0.000389,312.63,0.000813,185.33,0.001609,92.76,0.000837,271.82
300.00,0.00,40.00,0.001581,350.38,0.000815,251.52,0.000825,353.66,0.051591,255.47,0.051591,194.53,0.059816,315.00,0.000546,288.06,0.000546,161.94,0.000352,315.00,0.000815,198.48,0.001581,99.62,0.000825,276.34
0.00,21.43,40.00,0.078098,80.69,0.056845,288.15,0.092348,195.95,0.001609,2.76,0.000813,275.33,0.000837,181.82,0.000997,160.04,0.001925,79.53,0.001013,263.12,0.000616,67.74,0.000587,13.70,0.000389,222.63
21.43,21.43,40.00,0.093962,171.78,0.093962,278.22,0.171409,225.00,0.001966,3.00,0.000995,275.77,0.001030,181.97,0.000995,174.23,0.001966,87.00,0.001030,268.03,0.000669,72.01,0.000669,17.99,0.000433,225.00
42.86,21.43,40.00,0.093581,193.83,0.087887,258.45,0.157804,326.31,0.002442,3.29,0.001238,276.28,0.001290,182.16,0.000995,188.65,0.001961,94.50,0.001028,272.96,0.000723,76.78,0.000763,22.56,0.000482,227.58
64.29,21.43,40.00,0.071871,307.54,0.049868,251.46,0.078722,345.96,0.003094,3.65,0.001574,276.89,0.001653,182.39,0.000998,202.73,0.001912,101.95,0.001007,277.85,0.000778,82.11,0.000871,27.44,0.000536,230.39
85.71,21.43,40.00,0.043236,342.47,0.025751,252.55,0.035646,351.25,0.004012,4.09,0.002049,277.62,0.002176,182.66,0.001000,216.00,0.001823,109.26,0.000970,282.63,0.000832,88.11,0.000991,32.64,0.000596,233.45
107.14,21.43,40.00,0.025657,349.02,0.014237,255.00,0.017917,353.66,0.005351,4.66,0.002748,278.51,0.002961,183.01,0.000997,228.17,0.001703,116.37,0.000919,287.24,0.000882,94.87,0.001124,38.17,0.000659,236.77
128.57,21.43,40.00,0.016034,351.88,0.008581,257.21,0.010133,355.03,0.007381,5.42,0.003822,279.62,0.004202,183.47,0.000984,239.12,0.001564,123.22,0.000859,291.63,0.000925,102.50,0.001267,44.04,0.000726,240.36
150.00,21.43,40.00,0.010611,353.51,0.005563,258.99,0.006297,355.91,0.010611,6.49,0.005563,281.01,0.006297,184.09,0.000960,248.87,0.001416,129.75,0.000793,295.77,0.000960,111.13,0.001416,50.24,0.000793,244.23
171.43,21.43,40.00,0.007381,354.58,0.003822,260.38,0.004202,356.53,0.016034,8.12,0.008581,282.79,0.010133,184.97,0.000925,257.50,0.001267,135.96,0.000726,299.64,0.000984,120.88,0.001564,56.78,0.000859,248.37
192.86,21.43,40.00,0.005351,355.34,0.002748,261.49,0.002961,356.99,0.025657,10.98,0.014237,285.00,0.017917,186.34,0.000882,265.13,0.001124,141.83,0.000659,303.23,0.000997,131.83,0.001703,63.63,0.000919,252.76
214.29,21.43,40.00,0.004012,355.91,0.002049,262.38,0.002176,357.34,0.043236,17.53,0.025751,287.45,0.035647,188.75,0.000832,271.89,0.000991,147.36,0.000596,306.55,0.001000,144.00,0.001823,70.73,0.000970,257.37
235.71,21.43,40.00,0.003094,356.35,0.001574,263.11,0.001653,357.61,0.071871,52.46,0.049868,288.54,0.078722,194.04,0.000778,277.89,0.000871,152.56,0.000536,309.61,0.000998,157.27,0.001912,78.05,0.001007,262.15
257.14,21.43,40.00,0.002442,356.71,0.001238,263.72,0.001290,357.84,0.093581,166.17,0.087886,281.55,0.157804,213.69,0.000723,283.22,0.000763,157.44,0.000482,312.42,0.000995,171.35,0.001961,85.50,0.001028,267.04
278.57,21.43,40.00,0.001966,357.00,0.000995,264.23,0.001030,358.03,0.093962,188.22,0.093963,261.78,0.171409,315.00,0.000669,287.99,0.000669,162.01,0.000433,315.00,0.000995,185.77,0.001966,93.00,0.001030,271.98
300.00,21.43,40.00,0.001609,357.24,0.000813,264.66,0.000837,358.18,0.078098,279.31,0.056845,251.85,0.092348,344.05,0.000616,292.26,0.000587,166.30,0.000389,317.37,0.000997,199.96,0.001925,100.47,0.001013,276.88
0.00,42.86,40.00,0.074087,271.72,0.056868,241.92,0.087391,156.80,0.001606,355.86,0.000813,262.01,0.000836,177.27,0.001242,158.31,0.002382,78.52,0.001265,262.48,0.000696,63.28,0.000628,8.86,0.000429,220.07
21.43,42.86,40.00,0.087887,191.55,0.093581,256.17,0.157804,123.69,0.001961,355.50,0.000995,261.35,0.001028,177.04,0.001238,173.72,0.002442,86.71,0.001290,267.84,0.000763,67.44,0.000723,13.22,0.000482,222.42
42.86,42.86,40.00,0.087605,160.93,0.087604,289.07,0.145902,45.00,0.002435,355.06,0.001239,260.59,0.001287,176.76,0.001239,189.41,0.002435,94.94,0.001287,273.24,0.000835,72.10,0.000835,17.90,0.000542,225.00
64.29,42.86,40.00,0.068477,66.11,0.049918,298.41,0.074916,20.56,0.003084,354.53,0.001574,259.68,0.001649,176.42,0.001243,204.68,0.002362,103.10,0.001257,278.58,0.000909,77.36,0.000964,22.92,0.000610,227.83
85.71,42.86,40.00,0.041955,25.81,0.025806,296.17,0.034643,12.99,0.003996,353.87,0.002050,258.59,0.002168,176.01,0.001245,218.94,0.002233,111.08,0.001201,283.78,0.000983,83.31,0.001113,28.30,0.000686,230.95
107.14,42.86,40.00,0.025170,16.36,0.014265,292.40,0.017610,9.46,0.005323,353.02,0.002750,257.26,0.002948,175.49,0.001237,231.85,0.002062,118.80,0.001127,288.76,0.001055,90.08,0.001280,34.07,0.000769,234.36
128.57,42.86,40.00,0.015828,12.14,0.008594,289.09,0.010019,7.43,0.007331,351.88,0.003825,255.62,0.004178,174.81,0.001214,243.31,0.001867,126.17,0.001041,293.46,0.001120,97.79,0.001466,40.25,0.000857,238.09
150.00,42.86,40.00,0.010513,9.72,0.005570,286.46,0.006248,6.12,0.010513,350.28,0.005570,253.54,0.006248,173.88,0.001175,253.39,0.001664,133.16,0.000950,297.85,0.001175,106.61,0.001664,46.84,0.000950,242.15
171.43,42.86,40.00,0.007331,8.12,0.003825,284.38,0.004178,5.19,0.015828,347.86,0.008594,250.91,0.010019,172.57,0.001120,262.21,0.001466,139.75,0.000857,301.91,0.001214,116.69,0.001867,53.83,0.001041,246.54
192.86,42.86,40.00,0.005323,6.98,0.002750,282.74,0.002948,4.51,0.025170,343.64,0.014265,247.60,0.017610,170.54,0.001055,269.92,0.001280,145.92,0.000769,305.64,0.001237,128.15,0.002062,61.20,0.001127,251.24
214.29,42.86,40.00,0.003996,6.13,0.002050,281.41,0.002168,3.99,0.041955,334.19,0.025806,243.83,0.034643,167.01,0.000983,276.69,0.001113,151.70,0.000686,309.05,0.001245,141.06,0.002233,68.92,0.001201,256.22
235.71,42.86,40.00,0.003084,5.47,0.001574,280.32,0.001649,3.58,0.068477,293.89,0.049918,241.59,0.074916,159.44,0.000909,282.64,0.000964,157.08,0.000610,312.17,0.001243,155.32,0.002362,76.90,0.001257,261.42
257.14,42.86,40.00,0.002435,4.94,0.001239,279.41,0.001287,3.24,0.087605,199.07,0.087605,250.93,0.145902,135.00,0.000835,287.90,0.000835,162.10,0.000542,315.00,0.001239,170.59,0.002435,85.06,0.001287,266.76
278.57,42.86,40.00,0.001961,4.50,0.000995,278.65,0.001028,2.96,0.087887,168.45,0.093581,283.83,0.157804,56.31,0.000763,292.56,0.000723,166.78,0.000482,317.58,0.001238,186.28,0.002442,93.29,0.001290,272.16
300.00,42.86,40.00,0.001606,4.14,0.000813,277.99,0.000836,2.73,0.074087,88.28,0.056868,298.08,0.087391,23.20,0.000696,296.72,0.000628,171.14,0.000429,319.93,0.001242,201.69,0.002382,101.48,0.001265,277.52
0.00,64.29,40.00,0.046021,252.46,0.048913,182.76,0.053061,131.19,0.001571,349.01,0.000815,248.95,0.000822,172.76,0.001579,156.27,0.003002,77.30,0.001614,261.70,0.000785,58.56,0.000669,3.48,0.000472,217.30
21.43,64.29,40.00,0.049868,198.54,0.071871,142.46,0.078722,104.04,0.001912,348.05,0.000998,247.27,0.001007,172.15,0.001574,173.11,0.003094,86.35,0.001653,267.61,0.000871,62.56,0.000778,7.89,0.000536,219.61
42.86,64.29,40.00,0.049918,151.59,0.068477,23.89,0.074916,69.44,0.002362,346.90,0.001243,245.32,0.001257,171.42,0.001574,190.32,0.003084,95.47,0.001649,273.58,0.000964,67.08,0.000909,12.64,0.000610,222.17
64.29,64.29,40.00,0.043918,96.86,0.043918,353.14,0.047510,45.00,0.002972,345.51,0.001580,243.02,0.001601,170.54,0.001580,206.98,0.002972,104.49,0.001601,279.46,0.001064,72.22,0.001064,17.78,0.000695,225.00
85.71,64.29,40.00,0.031221,59.08,0.024567,337.68,0.026177,31.61,0.003819,343.78,0.002058,240.28,0.002091,169.46,0.001581,222.36,0.002778,113.28,0.001516,285.15,0.001168,78.08,0.001247,23.34,0.000792,228.15
107.14,64.29,40.00,0.020692,41.00,0.014049,326.76,0.014761,23.96,0.005029,341.57,0.002761,236.98,0.002814,168.11,0.001564,236.08,0.002527,121.70,0.001405,290.56,0.001272,84.81,0.001459,29.35,0.000901,231.63
128.57,64.29,40.00,0.013825,31.33,0.008575,318.51,0.008909,19.18,0.006813,338.66,0.003840,232.92,0.003932,166.37,0.001522,248.07,0.002248,129.68,0.001279,295.60,0.001370,92.57,0.001700,35.84,0.001020,235.49
150.00,64.29,40.00,0.009535,25.37,0.005584,312.12,0.005753,15.95,0.009535,334.63,0.005584,227.88,0.005753,164.05,0.001456,258.46,0.001967,137.18,0.001148,300.26,0.001456,101.54,0.001967,42.82,0.001148,239.74
171.43,64.29,40.00,0.006813,21.34,0.003840,307.08,0.003932,13.63,0.013825,328.67,0.008575,221.48,0.008909,160.82,0.001370,267.43,0.001700,144.16,0.001020,304.51,0.001522,111.93,0.002248,50.32,0.001279,244.40
192.86,64.29,40.00,0.005029,18.43,0.002761,303.02,0.002814,11.89,0.020692,319.00,0.014049,213.24,0.014761,156.04,0.001272,275.19,0.001459,150.65,0.000901,308.37,0.001564,123.92,0.002527,58.30,0.001405,249.44
214.29,64.29,40.00,0.003819,16.22,0.002058,299.72,0.002091,10.54,0.031221,300.92,0.024567,202.32,0.026177,148.39,0.001168,281.92,0.001247,156.66,0.000792,311.86,0.001581,137.64,0.002778,66.72,0.001516,254.85
235.71,64.29,40.00,0.002972,14.49,0.001580,296.98,0.001601,9.46,0.043918,263.14,0.043918,186.86,0.047510,135.00,0.001064,287.78,0.001064,162.22,0.000695,315.00,0.001580,153.02,0.002972,75.51,0.001601,260.54
257.14,64.29,40.00,0.002362,13.10,0.001243,294.68,0.001257,8.58,0.049918,208.41,0.068477,156.11,0.074916,110.56,0.000964,292.92,0.000909,167.36,0.000610,317.83,0.001574,169.68,0.003084,84.53,0.001649,266.42
278.57,64.29,40.00,0.001912,11.95,0.000998,292.73,0.001007,7.85,0.049868,161.46,0.071871,37.54,0.078722,75.96,0.000871,297.44,0.000778,172.11,0.000536,320.39,0.001574,186.89,0.003094,93.65,0.001653,272.39
300.00,64.29,40.00,0.001571,10.99,0.000815,291.05,0.000822,7.24,0.046021,107.54,0.048913,357.24,0.053061,48.81,0.000785,301.44,0.000669,176.52,0.000472,322.70,0.001579,203.73,0.003002,102.70,0.001614,278.30
0.00,85.71,40.00,0.025105,239.92,0.033647,143.52,0.028101,118.30,0.001509,342.26,0.000817,236.54,0.000796,168.34,0.002057,153.84,0.003866,75.77,0.002111,260.75,0.000882,53.55,0.000708,357.48,0.000519,214.32
21.43,85.71,40.00,0.025751,197.45,0.043236,107.53,0.035647,98.75,0.001823,340.73,0.001000,234.00,0.000970,167.37,0.002049,172.38,0.004012,85.91,0.002176,267.34,0.000991,57.36,0.000832,1.89,0.000596,216.55
42.86,85.71,40.00,0.025806,153.83,0.041955,64.19,0.034643,77.01,0.002233,338.92,0.001245,231.06,0.001201,166.22,0.002050,191.41,0.003996,96.13,0.002168,273.99,0.001113,61.70,0.000983,6.69,0.000686,219.05
64.29,85.71,40.00,0.024567,112.32,0.031221,30.92,0.026177,58.39,0.002778,336.72,0.001581,227.64,0.001516,164.85,0.002058,209.72,0.003819,106.22,0.002091,280.54,0.001247,66.66,0.001168,11.92,0.000792,221.86
85.71,85.71,40.00,0.020174,80.83,0.020174,9.17,0.017313,45.00,0.003516,334.02,0.002055,223.62,0.001956,163.18,0.002055,226.38,0.003516,115.98,0.001956,286.82,0.001391,72.38,0.001391,17.62,0.000916,225.00
107.14,85.71,40.00,0.015110,60.83,0.012645,354.05,0.011125,35.84,0.004538,330.62,0.002745,218.84,0.002588,161.11,0.002018,240.98,0.003137,125.24,0.001783,292.71,0.001541,79.01,0.001658,23.85,0.001059,228.53
128.57,85.71,40.00,0.011000,48.20,0.008118,342.77,0.007306,29.48,0.005978,326.19,0.003788,213.07,0.003528,158.50,0.001941,253.51,0.002730,133.91,0.001592,298.14,0.001691,86.75,0.001973,30.64,0.001222,232.50
150.00,85.71,40.00,0.008041,39.77,0.005430,333.98,0.004980,24.90,0.008041,320.23,0.005430,206.02,0.004980,155.10,0.001828,264.18,0.002334,141.95,0.001402,303.07,0.001828,95.82,0.002334,38.05,0.001402,236.93
171.43,85.71,40.00,0.005978,33.81,0.003788,326.93,0.003528,21.50,0.011000,311.80,0.008118,197.23,0.007306,150.52,0.001691,273.25,0.001973,149.36,0.001222,307.50,0.001941,106.49,0.002730,46.09,0.001592,241.86
192.86,85.71,40.00,0.004538,29.38,0.002745,321.16,0.002588,18.89,0.015110,299.17,0.012645,185.95,0.011125,144.16,0.001541,280.99,0.001658,156.15,0.001059,311.47,0.002018,119.02,0.003137,54.76,0.001783,247.29
214.29,85.71,40.00,0.003516,25.98,0.002054,316.38,0.001956,16.82,0.020174,279.17,0.020174,170.82,0.017313,135.00,0.001391,287.62,0.001391,162.38,0.000916,315.00,0.002055,133.62,0.003516,64.02,0.001956,253.18
235.71,85.71,40.00,0.002778,23.28,0.001581,312.36,0.001516,15.15,0.024567,247.68,0.031221,149.08,0.026177,121.61,0.001247,293.34,0.001168,168.08,0.000792,318.15,0.002058,150.28,0.003819,73.78,0.002091,259.46
257.14,85.71,40.00,0.002233,21.08,0.001245,308.94,0.001201,13.78,0.025806,206.17,0.041955,115.81,0.034643,102.99,0.001113,298.30,0.000983,173.31,0.000686,320.95,0.002050,168.59,0.003996,83.87,0.002168,266.01
278.57,85.71,40.00,0.001823,19.27,0.001000,306.00,0.000970,12.63,0.025751,162.55,0.043236,72.47,0.035647,81.25,0.000991,302.64,0.000832,178.11,0.000596,323.45,0.002049,187.62,0.004012,94.09,0.002176,272.66
300.00,85.71,40.00,0.001509,17.74,0.000817,303.46,0.000796,11.66,0.025105,120.08,0.033647,36.48,0.028101,61.70,0.000882,306.45,0.000708,182.52,0.000519,325.69,0.002057,206.16,0.003866,104.23,0.002111,279.25
0.00,107.14,40.00,0.014176,230.36,0.021773,126.44,0.015454,111.25,0.001423,335.68,0.000816,225.05,0.000760,164.05,0.002760,150.89,0.005106,73.83,0.002850,259.56,0.000988,48.26,0.000742,350.76,0.000568,211.10
21.43,107.14,40.00,0.014237,195.00,0.025657,100.98,0.017917,96.34,0.001703,333.63,0.000997,221.83,0.000919,162.76,0.002748,171.49,0.005351,85.34,0.002961,266.99,0.001124,51.83,0.000882,355.13,0.000659,213.23
42.86,107.14,40.00,0.014265,157.60,0.025170,73.64,0.017610,80.54,0.002062,331.20,0.001237,218.15,0.001127,161.24,0.002750,192.74,0.005323,96.98,0.002948,274.51,0.001280,55.93,0.001055,359.92,0.000769,215.64
64.29,107.14,40.00,0.014049,123.24,0.020692,49.00,0.014761,66.04,0.002527,328.30,0.001564,213.92,0.001405,159.44,0.002761,213.02,0.005029,108.43,0.002814,281.89,0.001459,60.65,0.001272,5.19,0.000901,218.37
85.71,107.14,40.00,0.012645,95.95,0.015110,29.17,0.011125,54.16,0.003137,324.76,0.002018,209.02,0.001783,157.29,0.002745,231.16,0.004538,119.38,0.002588,288.89,0.001658,66.15,0.001541,10.99,0.001059,221.47
107.14,107.14,40.00,0.010470,76.30,0.010470,13.70,0.007999,45.00,0.003945,320.36,0.002667,203.29,0.002307,154.65,0.002667,246.71,0.003945,129.64,0.002307,295.35,0.001876,72.61,0.001876,17.39,0.001248,225.00
128.57,107.14,40.00,0.008283,62.49,0.007205,1.47,0.005711,38.05,0.005022,314.76,0.003616,196.51,0.003053,151.39,0.002521,259.77,0.003338,139.09,0.002011,301.19,0.002103,80.24,0.002285,24.47,0.001471,229.03
150.00,107.14,40.00,0.006448,52.58,0.005040,351.61,0.004132,32.74,0.006448,307.42,0.005040,188.39,0.004132,147.26,0.002325,270.66,0.002775,147.71,0.001728,306.38,0.002325,89.34,0.002775,32.29,0.001728,233.62
171.43,107.14,40.00,0.005022,45.24,0.003616,343.49,0.003053,28.61,0.008283,297.51,0.007205,178.53,0.005711,141.95,0.002103,279.76,0.002285,155.53,0.001471,310.97,0.002521,100.23,0.003338,40.91,0.002011,238.82
192.86,107.14,40.00,0.003945,39.64,0.002667,336.71,0.002307,25.35,0.010470,283.70,0.010470,166.30,0.007999,135.00,0.001876,287.39,0.001876,162.61,0.001248,315.00,0.002667,113.29,0.003945,50.36,0.002307,244.65
214.29,107.14,40.00,0.003137,35.24,0.002018,330.98,0.001783,22.71,0.012645,264.05,0.015110,150.83,0.011125,125.84,0.001658,293.85,0.001541,169.01,0.001059,318.53,0.002745,128.84,0.004538,60.62,0.002588,251.11
235.71,107.14,40.00,0.002527,31.70,0.001564,326.08,0.001405,20.56,0.014049,236.76,0.020692,131.00,0.014761,113.96,0.001459,299.35,0.001272,174.81,0.000901,321.63,0.002761,146.98,0.005029,71.57,0.002814,258.11
257.14,107.14,40.00,0.002062,28.80,0.001237,321.85,0.001127,18.76,0.014265,202.40,0.025170,106.36,0.017610,99.46,0.001280,304.07,0.001055,180.08,0.000769,324.36,0.002750,167.26,0.005323,83.02,0.002948,265.49
278.57,107.14,40.00,0.001703,26.37,0.000997,318.17,0.000919,17.24,0.014237,165.00,0.025657,79.02,0.017917,83.66,0.001124,308.17,0.000882,184.87,0.000659,326.77,0.002748,188.51,0.005351,94.66,0.002961,273.01
300.00,107.14,40.00,0.001423,24.32,0.000816,314.95,0.000760,15.95,0.014176,129.64,0.021773,53.56,0.015454,68.75,0.000988,311.74,0.000742,189.24,0.000568,328.90,0.002760,209.11,0.005106,106.17,0.002850,280.44
0.00,128.57,40.00,0.008604,222.99,0.014328,117.65,0.009189,106.93,0.001322,329.30,0.000809,214.59,0.000717,159.94,0.003840,147.27,0.006948,71.25,0.003997,258.02,0.001099,42.69,0.000772,343.24,0.000619,207.65
21.43,128.57,40.00,0.008581,192.79,0.016034,98.12,0.010133,94.97,0.001564,326.78,0.000984,210.88,0.000859,158.37,0.003822,170.38,0.007381,84.58,0.004202,266.53,0.001267,45.96,0.000925,347.50,0.000726,209.64
42.86,128.57,40.00,0.008594,160.91,0.015828,77.85,0.010019,82.57,0.001867,323.83,0.001214,206.69,0.001041,156.54,0.003825,194.38,0.007331,98.12,0.004178,275.19,0.001466,49.75,0.001120,352.21,0.000857,211.91
64.29,128.57,40.00,0.008575,131.49,0.013825,58.67,0.008909,70.82,0.002248,320.32,0.001522,201.92,0.001279,154.40,0.003840,217.08,0.006813,111.34,0.003932,283.63,0.001700,54.16,0.001370,357.43,0.001020,214.51
85.71,128.57,40.00,0.008118,107.23,0.011000,41.80,0.007306,60.52,0.002730,316.09,0.001941,196.49,0.001592,151.86,0.003788,236.93,0.005978,123.81,0.003528,291.50,0.001973,59.36,0.001691,3.25,0.001222,217.50
107.14,128.57,40.00,0.007205,88.53,0.008283,27.51,0.005711,51.95,0.003338,310.91,0.002521,190.23,0.002011,148.81,0.003616,253.49,0.005022,135.24,0.003053,298.61,0.002285,65.53,0.002103,9.76,0.001471,220.97
128.57,128.57,40.00,0.006098,74.44,0.006098,15.56,0.004375,45.00,0.004099,304.45,0.003335,182.97,0.002578,145.12,0.003335,267.03,0.004099,145.55,0.002578,304.88,0.002630,72.95,0.002630,17.05,0.001777,225.00
150.00,128.57,40.00,0.005027,63.77,0.004485,5.53,0.003345,39.40,0.005027,296.23,0.004485,174.47,0.003345,140.60,0.002991,278.05,0.003293,154.76,0.002147,310.31,0.002991,81.95,0.003293,25.24,0.002147,229.69
171.43,128.57,40.00,0.004099,55.55,0.003335,357.03,0.002578,34.88,0.006098,285.56,0.006098,164.44,0.004375,135.00,0.002630,287.05,0.002630,162.95,0.001777,315.00,0.003335,92.97,0.004099,34.45,0.002578,235.12
192.86,128.57,40.00,0.003338,49.09,0.002521,349.77,0.002011,31.18,0.007205,271.47,0.008283,152.49,0.005711,128.05,0.002285,294.47,0.002103,170.24,0.001471,319.03,0.003616,106.51,0.005022,44.76,0.003053,241.39
214.29,128.57,40.00,0.002730,43.91,0.001941,343.51,0.001592,28.14,0.008118,252.77,0.011000,138.20,0.007306,119.48,0.001973,300.64,0.001691,176.75,0.001222,322.50,0.003788,123.07,0.005978,56.19,0.003528,248.50
235.71,128.57,40.00,0.002248,39.68,0.001522,338.07,0.001279,25.60,0.008575,228.51,0.013825,121.33,0.008909,109.18,0.001700,305.84,0.001370,182.57,0.001020,325.49,0.003840,142.92,0.006813,68.66,0.003932,256.37
257.14,128.57,40.00,0.001867,36.17,0.001214,333.31,0.001041,23.46,0.008594,199.09,0.015828,102.14,0.010019,97.43,0.001466,310.25,0.001120,187.79,0.000857,328.09,0.003825,165.62,0.007331,81.88,0.004178,264.81
278.57,128.57,40.00,0.001564,33.22,0.000984,329.12,0.000859,21.63,0.008581,167.21,0.016034,81.88,0.010133,85.03,0.001267,314.04,0.000925,192.50,0.000726,330.36,0.003822,189.62,0.007381,95.42,0.004202,273.47
300.00,128.57,40.00,0.001322,30.70,0.000809,325.41,0.000717,20.06,0.008604,137.01,0.014328,62.35,0.009189,73.07,0.001099,317.31,0.000772,196.76,0.000619,332.35,0.003840,212.73,0.006948,108.75,0.003997,281.98
0.00,150.00,40.00,0.005589,217.26,0.009787,112.33,0.005881,104.04,0.001212,323.17,0.000794,205.18,0.000669,156.04,0.005589,142.74,0.009787,67.67,0.005881,255.96,0.001212,36.83,0.000794,334.82,0.000669,203.96
21.43,150.00,40.00,0.005563,191.01,0.010611,96.49,0.006297,94.09,0.001416,320.24,0.000960,201.13,0.000793,154.23,0.005563,168.99,0.010611,83.51,0.006297,265.91,0.001416,39.76,0.000960,338.87,0.000793,205.77
42.86,150.00,40.00,0.005570,163.54,0.010513,80.28,0.006248,83.88,0.001664,316.84,0.001175,196.61,0.000950,152.15,0.005570,196.46,0.010513,99.72,0.006248,276.12,0.001664,43.16,0.001175,343.39,0.000950,207.85
64.29,150.00,40.00,0.005584,137.88,0.009535,64.63,0.005753,74.05,0.001967,312.82,0.001456,191.54,0.001148,149.74,0.005584,222.12,0.009535,115.37,0.005753,285.95,0.001967,47.18,0.001456,348.46,0.001148,210.26
85.71,150.00,40.00,0.005430,116.02,0.008041,50.23,0.004980,65.10,0.002334,308.05,0.001828,185.82,0.001402,146.93,0.005430,243.98,0.008041,129.77,0.004980,294.90,0.002334,51.95,0.001828,354.18,0.001402,213.07
107.14,150.00,40.00,0.005040,98.39,0.006448,37.42,0.004132,57.26,0.002775,302.29,0.002325,179.34,0.001728,143.62,0.005040,261.61,0.006448,142.58,0.004132,302.74,0.002775,57.71,0.002325,0.66,0.001728,216.38
128.57,150.00,40.00,0.004485,84.47,0.005027,26.23,0.003345,50.60,0.003293,295.24,0.002991,171.95,0.002147,139.69,0.004485,275.53,0.005027,153.77,0.003345,309.40,0.003293,64.76,0.002991,8.05,0.002147,220.31
150.00,150.00,40.00,0.003876,73.50,0.003876,16.50,0.002681,45.00,0.003876,286.50,0.003876,163.50,0.002681,135.00,0.003876,286.50,0.003876,163.50,0.002681,315.00,0.003876,73.50,0.003876,16.50,0.002681,225.00
171.43,150.00,40.00,0.003293,64.76,0.002991,8.05,0.002147,40.31,0.004485,275.53,0.005027,153.77,0.003345,129.40,0.003293,295.24,0.002991,171.95,0.002147,319.69,0.004485,84.47,0.005027,26.23,0.003345,230.60
192.86,150.00,40.00,0.002775,57.71,0.002325,0.66,0.001728,36.38,0.005040,261.61,0.006448,142.58,0.004132,122.73,0.002775,302.29,0.002325,179.34,0.001728,323.62,0.005040,98.39,0.006448,37.42,0.004132,237.27
214.29,150.00,40.00,0.002334,51.95,0.001828,354.18,0.001402,33.07,0.005430,243.98,0.008041,129.77,0.004980,114.90,0.002334,308.05,0.001828,185.82,0.001402,326.93,0.005430,116.02,0.008041,50.23,0.004980,245.10
235.71,150.00,40.00,0.001967,47.18,0.001456,348.46,0.001148,30.26,0.005584,222.12,0.009535,115.37,0.005753,105.95,0.001967,312.82,0.001456,191.54,0.001148,329.74,0.005584,137.88,0.009535,64.63,0.005753,254.05
257.14,150.00,40.00,0.001664,43.16,0.001175,343.39,0.000950,27.85,0.005570,196.46,0.010513,99.72,0.006248,96.12,0.001664,316.84,0.001175,196.61,0.000950,332.15,0.005570,163.54,0.010513,80.28,0.006248,263.88
278.57,150.00,40.00,0.001416,39.76,0.000960,338.87,0.000793,25.77,0.005563,168.99,0.010611,83.51,0.006297,85.91,0.001416,320.24,0.000960,201.13,0.000793,334.23,0.005563,191.01,0.010611,96.49,0.006297,274.09
300.00,150.00,40.00,0.001212,36.83,0.000794,334.82,0.000669,23.96,0.005589,142.74,0.009787,67.67,0.005881,75.96,0.001212,323.17,0.000794,205.18,0.000669,336.04,0.005589,217.26,0.009787,112.33,0.005881,284.04
0.00,171.43,40.00,0.003840,212.73,0.006948,108.75,0.003997,101.98,0.001099,317.31,0.000772,196.76,0.000619,152.35,0.008604,137.01,0.014328,62.35,0.009189,253.07,0.001322,30.70,0.000809,325.41,0.000717,200.06
21.43,171.43,40.00,0.003822,189.62,0.007381,95.42,0.004202,93.47,0.001267,314.04,0.000925,192.50,0.000726,150.36,0.008581,167.21,0.016034,81.88,0.010133,265.03,0.001564,33.22,0.000984,329.12,0.000859,201.63
42.86,171.43,40.00,0.003825,165.62,0.007331,81.88,0.004178,84.81,0.001466,310.25,0.001120,187.79,0.000857,148.09,0.008594,199.09,0.015828,102.14,0.010019,277.43,0.001867,36.17,0.001214,333.31,0.001041,203.46
64.29,171.43,40.00,0.003840,142.92,0.006813,68.66,0.003932,76.37,0.001700,305.84,0.001370,182.57,0.001020,145.49,0.008575,228.51,0.013825,121.33,0.008909,289.18,0.002248,39.68,0.001522,338.07,0.001279,205.60
85.71,171.43,40.00,0.003788,123.07,0.005978,56.19,0.003528,68.50,0.001973,300.64,0.001691,176.75,0.001222,142.50,0.008118,252.77,0.011000,138.20,0.007306,299.48,0.002730,43.91,0.001941,343.51,0.001592,208.14
107.14,171.43,40.00,0.003616,106.51,0.005022,44.76,0.003053,61.39,0.002285,294.47,0.002103,170.24,0.001471,139.03,0.007205,271.47,0.008283,152.49,0.005711,308.05,0.003338,49.09,0.002521,349.77,0.002011,211.19
128.57,171.43,40.00,0.003335,92.97,0.004099,34.45,0.002578,55.12,0.002630,287.05,0.002630,162.95,0.001777,135.00,0.006098,285.56,0.006098,164.44,0.004375,315.00,0.004099,55.55,0.003335,357.03,0.002578,214.88
150.00,171.43,40.00,0.002991,81.95,0.003293,25.24,0.002147,49.69,0.002991,278.05,0.003293,154.76,0.002147,130.31,0.005027,296.23,0.004485,174.47,0.003345,320.60,0.005027,63.77,0.004485,5.53,0.003345,219.40
171.43,171.43,40.00,0.002630,72.95,0.002630,17.05,0.001777,45.00,0.003335,267.03,0.004099,145.55,0.002578,124.88,0.004099,304.45,0.003335,182.97,0.002578,325.12,0.006098,74.44,0.006098,15.56,0.004375,225.00
192.86,171.43,40.00,0.002285,65.53,0.002103,9.76,0.001471,40.97,0.003616,253.49,0.005022,135.24,0.003053,118.61,0.003338,310.91,0.002521,190.23,0.002011,328.82,0.007205,88.53,0.008283,27.51,0.005711,231.95
214.29,171.43,40.00,0.001973,59.36,0.001691,3.25,0.001222,37.50,0.003788,236.93,0.005978,123.81,0.003528,111.50,0.002730,316.09,0.001941,196.49,0.001592,331.86,0.008118,107.23,0.011000,41.80,0.007306,240.52
235.71,171.43,40.00,0.001700,54.16,0.001370,357.43,0.001020,34.51,0.003840,217.08,0.006813,111.34,0.003932,103.63,0.002248,320.32,0.001522,201.92,0.001279,334.40,0.008575,131.49,0.013825,58.67,0.008909,250.82
257.14,171.43,40.00,0.001466,49.75,0.001120,352.21,0.000857,31.91,0.003825,194.38,0.007331,98.12,0.004178,95.19,0.001867,323.83,0.001214,206.69,0.001041,336.54,0.008594,160.91,0.015828,77.85,0.010019,262.57
278.57,171.43,40.00,0.001267,45.96,0.000925,347.50,0.000726,29.64,0.003822,170.38,0.007381,84.58,0.004202,86.53,0.001564,326.78,0.000984,210.88,0.000859,338.37,0.008581,192.79,0.016034,98.12,0.010133,274.97
300.00,171.43,40.00,0.001099,42.69,0.000772,343.24,0.000619,27.65,0.003840,147.27,0.006948,71.25,0.003997,78.02,0.001322,329.30,0.000809,214.59,0.000717,339.94,0.008604,222.99,0.014328,117.65,0.009189,286.93
0.00,192.86,40.00,0.002760,209.11,0.005106,106.17,0.002850,100.44,0.000988,311.74,0.000742,189.24,0.000568,148.90,0.014176,129.64,0.021773,53.56,0.015454,248.75,0.001423,24.32,0.000816,314.95,0.000760,195.95
21.43,192.86,40.00,0.002748,188.51,0.005351,94.66,0.002961,93.01,0.001124,308.17,0.000882,184.87,0.000659,146.77,0.014237,165.00,0.025657,79.02,0.017917,263.66,0.001703,26.37,0.000997,318.17,0.000919,197.24
42.86,192.86,40.00,0.002750,167.26,0.005323,83.02,0.002948,85.49,0.001280,304.07,0.001055,180.08,0.000769,144.36,0.014265,202.40,0.025170,106.36,0.017610,279.46,0.002062,28.80,0.001237,321.85,0.001127,198.76
64.29,192.86,40.00,0.002761,146.98,0.005029,71.57,0.002814,78.11,0.001459,299.35,0.001272,174.81,0.000901,141.63,0.014049,236.76,0.020692,131.00,0.014761,293.96,0.002527,31.70,0.001564,326.08,0.001405,200.56
85.71,192.86,40.00,0.002745,128.84,0.004538,60.62,0.002588,71.11,0.001658,293.85,0.001541,169.01,0.001059,138.53,0.012645,264.05,0.015110,150.83,0.011125,305.84,0.003137,35.24,0.002018,330.98,0.001783,202.71
107.14,192.86,40.00,0.002667,113.29,0.003945,50.36,0.002307,64.65,0.001876,287.39,0.001876,162.61,0.001248,135.00,0.010470,283.70,0.010470,166.30,0.007999,315.00,0.003945,39.64,0.002667,336.71,0.002307,205.35
128.57,192.86,40.00,0.002521,100.23,0.003338,40.91,0.002011,58.81,0.002103,279.76,0.002285,155.53,0.001471,130.97,0.008283,297.51,0.007205,178.53,0.005711,321.95,0.005022,45.24,0.003616,343.49,0.003053,208.61
150.00,192.86,40.00,0.002325,89.34,0.002775,32.29,0.001728,53.62,0.002325,270.66,0.002775,147.71,0.001728,126.38,0.006448,307.42,0.005040,188.39,0.004132,327.26,0.006448,52.58,0.005040,351.61,0.004132,212.74
171.43,192.86,40.00,0.002103,80.24,0.002285,24.47,0.001471,49.03,0.002521,259.77,0.003338,139.09,0.002011,121.18,0.005022,314.76,0.003616,196.51,0.003053,331.39,0.008283,62.49,0.007205,1.47,0.005711,218.05
192.86,192.86,40.00,0.001876,72.61,0.001876,17.39,0.001248,45.00,0.002667,246.71,0.003945,129.64,0.002307,115.35,0.003945,320.36,0.002667,203.29,0.002307,334.65,0.010470,76.30,0.010470,13.70,0.007999,225.00
214.29,192.86,40.00,0.001658,66.15,0.001541,10.99,0.001059,41.47,0.002745,231.16,0.004538,119.38,0.002588,108.89,0.003137,324.76,0.002018,209.02,0.001783,337.29,0.012645,95.95,0.015110,29.17,0.011125,234.16
235.71,192.86,40.00,0.001459,60.65,0.001272,5.19,0.000901,38.37,0.002761,213.02,0.005029,108.43,0.002814,101.89,0.002527,328.30,0.001564,213.92,0.001405,339.44,0.014049,123.24,0.020692,49.00,0.014761,246.04
257.14,192.86,40.00,0.001280,55.93,0.001055,359.92,0.000769,35.64,0.002750,192.74,0.005323,96.98,0.002948,94.51,0.002062,331.20,0.001237,218.15,0.001127,341.24,0.014265,157.60,0.025170,73.64,0.017610,260.54
278.57,192.86,40.00,0.001124,51.83,0.000882,355.13,0.000659,33.23,0.002748,171.49,0.005351,85.34,0.002961,86.99,0.001703,333.63,0.000997,221.83,0.000919,342.76,0.014237,195.00,0.025657,100.98,0.017917,276.34
300.00,192.86,40.00,0.000988,48.26,0.000742,350.76,0.000568,31.10,0.002760,150.89,0.005106,73.83,0.002850,79.56,0.001423,335.68,0.000816,225.05,0.000760,344.05,0.014176,230.36,0.021773,126.44,0.015454,291.25
0.00,214.29,40.00,0.002057,206.16,0.003866,104.23,0.002111,99.25,0.000882,306.45,0.000708,182.52,0.000519,145.68,0.025105,120.08,0.033647,36.48,0.028101,241.70,0.001509,17.74,0.000817,303.46,0.000796,191.66
21.43,214.29,40.00,0.002049,187.62,0.004012,94.09,0.002176,92.66,0.000991,302.64,0.000832,178.11,0.000596,143.45,0.025751,162.55,0.043236,72.47,0.035647,261.25,0.001823,19.27,0.001000,306.00,0.000970,192.63
42.86,214.29,40.00,0.002050,168.59,0.003996,83.87,0.002168,86.01,0.001113,298.30,0.000983,173.31,0.000686,140.95,0.025806,206.17,0.041955,115.81,0.034643,282.99,0.002233,21.08,0.001245,308.94,0.001201,193.78
64.29,214.29,40.00,0.002058,150.28,0.003819,73.78,0.002091,79.46,0.001247,293.34,0.001168,168.08,0.000792,138.14,0.024567,247.68,0.031221,149.08,0.026177,301.61,0.002778,23.28,0.001581,312.36,0.001516,195.15
85.71,214.29,40.00,0.002055,133.62,0.003516,64.02,0.001956,73.18,0.001391,287.62,0.001391,162.38,0.000916,135.00,0.020174,279.17,0.020174,170.82,0.017313,315.00,0.003516,25.98,0.002054,316.38,0.001956,196.82
107.14,214.29,40.00,0.002018,119.02,0.003137,54.76,0.001783,67.29,0.001541,280.99,0.001658,156.15,0.001059,131.47,0.015110,299.17,0.012645,185.95,0.011125,324.16,0.004538,29.38,0.002745,321.16,0.002588,198.89
128.57,214.29,40.00,0.001941,106.49,0.002730,46.09,0.001592,61.86,0.001691,273.25,0.001973,149.36,0.001222,127.50,0.011000,311.80,0.008118,197.23,0.007306,330.52,0.005978,33.81,0.003788,326.93,0.003528,201.50
150.00,214.29,40.00,0.001828,95.82,0.002334,38.05,0.001402,56.93,0.001828,264.18,0.002334,141.95,0.001402,123.07,0.008041,320.23,0.005430,206.02,0.004980,335.10,0.008041,39.77,0.005430,333.98,0.004980,204.90
171.43,214.29,40.00,0.001691,86.75,0.001973,30.64,0.001222,52.50,0.001941,253.51,0.002730,133.91,0.001592,118.14,0.005978,326.19,0.003788,213.07,0.003528,338.50,0.011000,48.20,0.008118,342.77,0.007306,209.48
192.86,214.29,40.00,0.001541,79.01,0.001658,23.85,0.001059,48.53,0.002018,240.98,0.003137,125.24,0.001783,112.71,0.004538,330.62,0.002745,218.84,0.002588,341.11,0.015110,60.83,0.012645,354.05,0.011125,215.84
214.29,214.29,40.00,0.001391,72.38,0.001391,17.62,0.000916,45.00,0.002055,226.38,0.003516,115.98,0.001956,106.82,0.003516,334.02,0.002055,223.62,0.001956,343.18,0.020174,80.83,0.020174,9.17,0.017313,225.00
235.71,214.29,40.00,0.001247,66.66,0.001168,11.92,0.000792,41.85,0.002058,209.72,0.003819,106.22,0.002091,100.54,0.002778,336.72,0.001581,227.64,0.001516,344.85,0.024567,112.32,0.031221,30.92,0.026177,238.39
257.14,214.29,40.00,0.001113,61.70,0.000983,6.69,0.000686,39.05,0.002050,191.41,0.003996,96.13,0.002168,93.99,0.002233,338.92,0.001245,231.06,0.001201,346.22,0.025806,153.83,0.041955,64.19,0.034643,257.01
278.57,214.29,40.00,0.000991,57.36,0.000832,1.89,0.000596,36.55,0.002049,172.38,0.004012,85.91,0.002176,87.34,0.001823,340.73,0.001000,234.00,0.000970,347.37,0.025751,197.45,0.043236,107.53,0.035647,278.75
300.00,214.29,40.00,0.000882,53.55,0.000708,357.48,0.000519,34.31,0.002057,153.84,0.003866,75.77,0.002111,80.75,0.001509,342.26,0.000817,236.54,0.000796,348.34,0.025105,239.92,0.033647,143.52,0.028101,298.30
0.00,235.71,40.00,0.001579,203.73,0.003002,102.70,0.001614,98.30,0.000785,301.44,0.000669,176.52,0.000472,142.70,0.046021,107.54,0.048913,357.24,0.053061,228.81,0.001571,10.99,0.000815,291.05,0.000822,187.24
21.43,235.71,40.00,0.001574,186.89,0.003094,93.65,0.001653,92.39,0.000871,297.44,0.000778,172.11,0.000536,140.39,0.049868,161.46,0.071871,37.54,0.078722,255.96,0.001912,11.95,0.000998,292.73,0.001007,187.85
42.86,235.71,40.00,0.001574,169.68,0.003084,84.53,0.001649,86.42,0.000964,292.92,0.000909,167.36,0.000610,137.83,0.049918,208.41,0.068477,156.11,0.074916,290.56,0.002362,13.10,0.001243,294.68,0.001257,188.58
64.29,235.71,40.00,0.001580,153.02,0.002972,75.51,0.001601,80.54,0.001064,287.78,0.001064,162.22,0.000695,135.00,0.043918,263.14,0.043918,186.86,0.047510,315.00,0.002972,14.49,0.001580,296.98,0.001601,189.46
85.71,235.71,40.00,0.001581,137.64,0.002778,66.72,0.001516,74.85,0.001168,281.92,0.001247,156.66,0.000792,131.85,0.031221,300.92,0.024567,202.32,0.026177,328.39,0.003819,16.22,0.002058,299.72,0.002091,190.54
107.14,235.71,40.00,0.001564,123.92,0.002527,58.30,0.001405,69.44,0.001272,275.19,0.001459,150.65,0.000901,128.37,0.020692,319.00,0.014049,213.24,0.014761,336.04,0.005029,18.43,0.002761,303.02,0.002814,191.89
128.57,235.71,40.00,0.001522,111.93,0.002248,50.32,0.001279,64.40,0.001370,267.43,0.001700,144.16,0.001020,124.51,0.013825,328.67,0.008575,221.48,0.008909,340.82,0.006813,21.34,0.003840,307.08,0.003932,193.63
150.00,235.71,40.00,0.001456,101.54,0.001967,42.82,0.001148,59.74,0.001456,258.46,0.001967,137.18,0.001148,120.26,0.009535,334.63,0.005584,227.88,0.005753,344.05,0.009535,25.37,0.005584,312.12,0.005753,195.95
171.43,235.71,40.00,0.001370,92.57,0.001700,35.84,0.001020,55.49,0.001522,248.07,0.002248,129.68,0.001279,115.60,0.006813,338.66,0.003840,232.92,0.003932,346.37,0.013825,31.33,0.008575,318.51,0.008909,199.18
192.86,235.71,40.00,0.001272,84.81,0.001459,29.35,0.000901,51.63,0.001564,236.08,0.002527,121.70,0.001405,110.56,0.005029,341.57,0.002761,236.98,0.002814,348.11,0.020692,41.00,0.014049,326.76,0.014761,203.96
214.29,235.71,40.00,0.001168,78.08,0.001247,23.34,0.000792,48.14,0.001581,222.36,0.002778,113.28,0.001516,105.15,0.003819,343.78,0.002058,240.28,0.002091,349.46,0.031221,59.08,0.024567,337.68,0.026177,211.61
235.71,235.71,40.00,0.001064,72.22,0.001064,17.78,0.000695,45.00,0.001580,206.98,0.002972,104.49,0.001601,99.46,0.002972,345.51,0.001580,243.02,0.001601,350.54,0.043918,96.86,0.043918,353.14,0.047510,225.00
257.14,235.71,40.00,0.000964,67.08,0.000909,12.64,0.000610,42.17,0.001574,190.32,0.003084,95.47,0.001649,93.58,0.002362,346.90,0.001243,245.32,0.001257,351.42,0.049918,151.59,0.068477,23.89,0.074916,249.44
278.57,235.71,40.00,0.000871,62.56,0.000778,7.89,0.000536,39.61,0.001574,173.11,0.003094,86.35,0.001653,87.61,0.001912,348.05,0.000998,247.27,0.001007,352.15,0.049868,198.54,0.071871,142.46,0.078722,284.04
300.00,235.71,40.00,0.000785,58.56,0.000669,3.48,0.000472,37.30,0.001579,156.27,0.003002,77.30,0.001614,81.70,0.001571,349.01,0.000815,248.95,0.000822,352.76,0.046021,252.46,0.048913,182.76,0.053061,311.19
0.00,257.14,40.00,0.001242,201.69,0.002382,101.48,0.001265,97.52,0.000696,296.72,0.000628,171.14,0.000429,139.93,0.074087,88.28,0.056868,298.08,0.087391,203.20,0.001606,4.14,0.000813,277.99,0.000836,182.73
21.43,257.14,40.00,0.001238,186.28,0.002442,93.29,0.001290,92.16,0.000763,292.56,0.000723,166.78,0.000482,137.58,0.087887,168.45,0.093581,283.83,0.157804,236.31,0.001961,4.50,0.000995,278.65,0.001028,182.96
42.86,257.14,40.00,0.001239,170.59,0.002435,85.06,0.001287,86.76,0.000835,287.90,0.000835,162.10,0.000542,135.00,0.087605,199.07,0.087605,250.93,0.145902,315.00,0.002435,4.94,0.001239,279.41,0.001287,183.24
64.29,257.14,40.00,0.001243,155.32,0.002362,76.90,0.001257,81.42,0.000909,282.64,0.000964,157.08,0.000610,132.17,0.068477,293.89,0.049918,241.59,0.074916,339.44,0.003084,5.47,0.001574,280.32,0.001649,183.58
85.71,257.14,40.00,0.001245,141.06,0.002233,68.92,0.001201,76.22,0.000983,276.69,0.001113,151.70,0.000686,129.05,0.041955,334.19,0.025806,243.83,0.034643,347.01,0.003996,6.13,0.002050,281.41,0.002168,183.99
107.14,257.14,40.00,0.001237,128.15,0.002062,61.20,0.001127,71.24,0.001055,269.92,0.001280,145.92,0.000769,125.64,0.025170,343.64,0.014265,247.60,0.017610,350.54,0.005323,6.98,0.002750,282.74,0.002948,184.51
128.57,257.14,40.00,0.001214,116.69,0.001867,53.83,0.001041,66.54,0.001120,262.21,0.001466,139.75,0.000857,121.91,0.015828,347.86,0.008594,250.91,0.010019,352.57,0.007331,8.12,0.003825,284.38,0.004178,185.19
150.00,257.14,40.00,0.001175,106.61,0.001664,46.84,0.000950,62.15,0.001175,253.39,0.001664,133.16,0.000950,117.85,0.010513,350.28,0.005570,253.54,0.006248,353.88,0.010513,9.72,0.005570,286.46,0.006248,186.12
171.43,257.14,40.00,0.001120,97.79,0.001466,40.25,0.000857,58.09,0.001214,243.31,0.001867,126.17,0.001041,113.46,0.007331,351.88,0.003825,255.62,0.004178,354.81,0.015828,12.14,0.008594,289.09,0.010019,187.43
192.86,257.14,40.00,0.001055,90.08,0.001280,34.07,0.000769,54.36,0.001237,231.85,0.002062,118.80,0.001127,108.76,0.005323,353.02,0.002750,257.26,0.002948,355.49,0.025170,16.36,0.014265,292.40,0.017610,189.46
214.29,257.14,40.00,0.000983,83.31,0.001113,28.30,0.000686,50.95,0.001245,218.94,0.002233,111.08,0.001201,103.78,0.003996,353.87,0.002050,258.59,0.002168,356.01,0.041955,25.81,0.025806,296.17,0.034643,192.99
235.71,257.14,40.00,0.000909,77.36,0.000964,22.92,0.000610,47.83,0.001243,204.68,0.002362,103.10,0.001257,98.58,0.003084,354.53,0.001574,259.68,0.001649,356.42,0.068477,66.11,0.049918,298.41,0.074916,200.56
257.14,257.14,40.00,0.000835,72.10,0.000835,17.90,0.000542,45.00,0.001239,189.41,0.002435,94.94,0.001287,93.24,0.002435,355.06,0.001239,260.59,0.001287,356.76,0.087605,160.93,0.087604,289.07,0.145902,225.00
278.57,257.14,40.00,0.000763,67.44,0.000723,13.22,0.000482,42.42,0.001238,173.72,0.002442,86.71,0.001290,87.84,0.001961,355.50,0.000995,261.35,0.001028,357.04,0.087887,191.55,0.093581,256.17,0.157804,303.69
300.00,257.14,40.00,0.000696,63.28,0.000628,8.86,0.000429,40.07,0.001242,158.31,0.002382,78.52,0.001265,82.48,0.001606,355.86,0.000813,262.01,0.000836,357.27,0.074087,271.72,0.056868,241.92,0.087391,336.80
0.00,278.57,40.00,0.000997,199.96,0.001925,100.47,0.001013,96.88,0.000616,292.26,0.000587,166.30,0.000389,137.37,0.078098,279.31,0.056845,251.85,0.092348,164.05,0.001609,357.24,0.000813,264.66,0.000837,178.18
21.43,278.57,40.00,0.000995,185.77,0.001966,93.00,0.001030,91.97,0.000669,287.99,0.000669,162.01,0.000433,135.00,0.093962,188.22,0.093963,261.78,0.171409,135.00,0.001966,357.00,0.000995,264.23,0.001030,178.03
42.86,278.57,40.00,0.000995,171.35,0.001961,85.50,0.001028,87.04,0.000723,283.22,0.000763,157.44,0.000482,132.42,0.093581,166.17,0.087886,281.55,0.157804,33.69,0.002442,356.71,0.001238,263.72,0.001290,177.84
64.29,278.57,40.00,0.000998,157.27,0.001912,78.05,0.001007,82.15,0.000778,277.89,0.000871,152.56,0.000536,129.61,0.071871,52.46,0.049868,288.54,0.078722,14.04,0.003094,356.35,0.001574,263.11,0.001653,177.61
85.71,278.57,40.00,0.001000,144.00,0.001823,70.73,0.000970,77.37,0.000832,271.89,0.000991,147.36,0.000596,126.55,0.043236,17.53,0.025751,287.45,0.035646,8.75,0.004012,355.91,0.002049,262.38,0.002176,177.34
107.14,278.57,40.00,0.000997,131.83,0.001703,63.63,0.000919,72.76,0.000882,265.13,0.001124,141.83,0.000659,123.23,0.025657,10.98,0.014237,285.00,0.017917,6.34,0.005351,355.34,0.002748,261.49,0.002961,176.99
128.57,278.57,40.00,0.000984,120.88,0.001564,56.78,0.000859,68.37,0.000925,257.50,0.001267,135.96,0.000726,119.64,0.016034,8.12,0.008581,282.79,0.010133,4.97,0.007381,354.58,0.003822,260.38,0.004202,176.53
150.00,278.57,40.00,0.000960,111.13,0.001416,50.24,0.000793,64.23,0.000960,248.87,0.001416,129.75,0.000793,115.77,0.010611,6.49,0.005563,281.01,0.006297,4.09,0.010611,353.51,0.005563,258.99,0.006297,175.91
171.43,278.57,40.00,0.000925,102.50,0.001267,44.04,0.000726,60.36,0.000984,239.12,0.001564,123.22,0.000859,111.63,0.007381,5.42,0.003822,279.62,0.004202,3.47,0.016034,351.88,0.008581,257.21,0.010133,175.03
192.86,278.57,40.00,0.000882,94.87,0.001124,38.17,0.000659,56.77,0.000997,228.17,0.001703,116.37,0.000919,107.24,0.005351,4.66,0.002748,278.51,0.002961,3.01,0.025657,349.02,0.014237,255.00,0.017917,173.66
214.29,278.57,40.00,0.000832,88.11,0.000991,32.64,0.000596,53.45,0.001000,216.00,0.001823,109.26,0.000970,102.63,0.004012,4.09,0.002049,277.62,0.002176,2.66,0.043236,342.47,0.025751,252.55,0.035647,171.25
235.71,278.57,40.00,0.000778,82.11,0.000871,27.44,0.000536,50.39,0.000998,202.73,0.001912,101.95,0.001007,97.85,0.003094,3.65,0.001574,276.89,0.001653,2.39,0.071871,307.54,0.049868,251.46,0.078722,165.96
257.14,278.57,40.00,0.000723,76.78,0.000763,22.56,0.000482,47.58,0.000995,188.65,0.001961,94.50,0.001028,92.96,0.002442,3.29,0.001238,276.28,0.001290,2.16,0.093581,193.83,0.087887,258.45,0.157804,146.31
278.57,278.57,40.00,0.000669,72.01,0.000669,17.99,0.000433,45.00,0.000995,174.23,0.001966,87.00,0.001030,88.02,0.001966,3.00,0.000995,275.77,0.001030,1.97,0.093962,171.78,0.093962,278.22,0.171409,45.00
300.00,278.57,40.00,0.000616,67.74,0.000587,13.70,0.000389,42.63,0.000997,160.04,0.001925,79.53,0.001013,83.12,0.001609,2.76,0.000813,275.33,0.000837,1.82,0.078098,80.69,0.056845,288.15,0.092348,15.95
0.00,300.00,40.00,0.000815,198.48,0.001581,99.62,0.000825,96.34,0.000546,288.06,0.000546,161.94,0.000352,135.00,0.051591,255.47,0.051591,194.53,0.059816,135.00,0.001581,350.38,0.000815,251.52,0.000825,173.66
21.43,300.00,40.00,0.000813,185.33,0.001609,92.76,0.000837,91.82,0.000587,283.70,0.000616,157.74,0.000389,132.63,0.056845,198.15,0.078098,170.68,0.092348,105.95,0.001925,349.53,0.000997,250.04,0.001013,173.12
42.86,300.00,40.00,0.000813,172.01,0.001606,85.86,0.000836,87.27,0.000628,278.86,0.000696,153.28,0.000429,130.07,0.056868,151.92,0.074087,1.72,0.087391,66.80,0.002382,348.52,0.001242,248.31,0.001265,172.48
64.29,300.00,40.00,0.000815,158.95,0.001571,79.01,0.000822,82.76,0.000669,273.48,0.000785,148.56,0.000472,127.30,0.048913,92.76,0.046020,342.46,0.053061,41.19,0.003002,347.30,0.001579,246.27,0.001614,171.70
85.71,300.00,40.00,0.000817,146.54,0.001509,72.26,0.000796,78.34,0.000708,267.48,0.000882,143.55,0.000519,124.31,0.033647,53.52,0.025105,329.92,0.028101,28.30,0.003866,345.77,0.002057,243.84,0.002111,170.75
107.14,300.00,40.00,0.000816,135.05,0.001423,65.68,0.000760,74.05,0.000742,260.76,0.000988,138.26,0.000568,121.10,0.021773,36.44,0.014176,320.36,0.015454,21.25,0.005106,343.83,0.002760,240.89,0.002850,169.56
128.57,300.00,40.00,0.000809,124.59,0.001322,59.30,0.000717,69.94,0.000772,253.24,0.001099,132.69,0.000619,117.65,0.014328,27.65,0.008604,312.99,0.009189,16.93,0.006948,341.25,0.003840,237.27,0.003997,168.02
150.00,300.00,40.00,0.000794,115.18,0.001212,53.17,0.000669,66.04,0.000794,244.82,0.001212,126.83,0.000669,113.96,0.009787,22.33,0.005589,307.25,0.005881,14.04,0.009787,337.67,0.005589,232.74,0.005881,165.96
171.43,300.00,40.00,0.000772,106.76,0.001099,47.31,0.000619,62.35,0.000809,235.41,0.001322,120.70,0.000717,110.06,0.006948,18.75,0.003840,302.73,0.003997,11.98,0.014328,332.35,0.008604,227.01,0.009189,163.07
192.86,300.00,40.00,0.000742,99.24,0.000988,41.74,0.000568,58.90,0.000816,224.95,0.001423,114.32,0.000760,105.94,0.005106,16.17,0.002760,299.11,0.002850,10.44,0.021773,323.56,0.014176,219.64,0.015454,158.75
214.29,300.00,40.00,0.000708,92.52,0.000882,36.45,0.000519,55.68,0.000817,213.46,0.001509,107.74,0.000796,101.66,0.003866,14.23,0.002057,296.16,0.002111,9.25,0.033647,306.48,0.025105,210.08,0.028101,151.70
235.71,300.00,40.00,0.000669,86.52,0.000785,31.44,0.000472,52.70,0.000815,201.05,0.001571,100.99,0.000822,97.24,0.003002,12.70,0.001579,293.73,0.001614,8.30,0.048913,267.24,0.046021,197.54,0.053061,138.81
257.14,300.00,40.00,0.000628,81.14,0.000696,26.72,0.000429,49.93,0.000813,187.99,0.001606,94.14,0.000836,92.73,0.002382,11.48,0.001242,291.69,0.001265,7.52,0.056868,208.08,0.074087,178.28,0.087391,113.20
278.57,300.00,40.00,0.000587,76.30,0.000616,22.26,0.000389,47.37,0.000813,174.67,0.001609,87.24,0.000837,88.18,0.001925,10.47,0.000997,289.96,0.001013,6.88,0.056845,161.85,0.078098,9.31,0.092348,74.05
300.00,300.00,40.00,0.000546,71.94,0.000546,18.06,0.000352,45.00,0.000815,161.52,0.001581,80.38,0.000825,83.66,0.001581,9.62,0.000815,288.48,0.000825,6.34,0.051591,104.53,0.051591,345.47,0.059816,45.00
